{"cameraMode":{"drawMode":0,"name":"Shaded","section":"Shading Mode"},"sceneLighting":false,"audioPlay":false,"sceneViewState":{"m_AlwaysRefresh":false,"showFog":true,"showSkybox":false,"showFlares":true,"showImageEffects":true,"showParticleSystems":true,"showVisualEffectGraphs":true,"m_FxEnabled":true},"in2DMode":false,"pivot":{"x":11.11899185180664,"y":0.7689549326896668,"z":11.67968463897705},"rotation":{"x":0.0032925098203122617,"y":0.9847638010978699,"z":-0.1731020212173462,"w":0.018947793170809747},"size":0.7988848686218262,"orthographic":false}